Lat,-180,-178,-176,-174,-172,-170,-168,-166,-164,-162,-160,-158,-156,-154,-152,-150,-148,-146,-144,-142,-140,-138,-136,-134,-132,-130,-128,-126,-124,-122,-120,-118,-116,-114,-112,-110,-108,-106,-104,-102,-100,-98,-96,-94,-92,-90,-88,-86,-84,-82,-80,-78,-76,-74,-72,-70,-68,-66,-64,-62,-60,-58,-56,-54,-52,-50,-48,-46,-44,-42,-40,-38,-36,-34,-32,-30,-28,-26,-24,-22,-20,-18,-16,-14,-12,-10,-8,-6,-4,-2,0,2,4,6,8,10,12,14,16,18,20,22,24,26,28,30,32,34,36,38,40,42,44,46,48,50,52,54,56,58,60,62,64,66,68,70,72,74,76,78,80,82,84,86,88,90,92,94,96,98,100,102,104,106,108,110,112,114,116,118,120,122,124,126,128,130,132,134,136,138,140,142,144,146,148,150,152,154,156,158,160,162,164,166,168,170,172,174,176,178,180
82,0,0,0,0,0,0,0,0,0,0,0,0,0,0,0,0,0,0,0,0,0,0,0,0,0,0,0,0,0,0,0,0,0,0,0,0,0,0,0,0,0,0,0,0,0,0,0,0,0,0,0,0,0,0,0,0,0,0,0,0,0,0,0,0,0,10,0,10,10,10,10,10,20,30,30,20,20,20,10,0,0,0,0,0,0,0,0,0,0,0,0,0,0,0,0,0,0,0,0,0,0,0,0,0,0,0,0,0,0,0,0,0,0,0,0,0,0,0,0,0,0,0,0,0,0,0,0,0,0,0,0,0,0,0,0,0,0,0,0,0,0,0,0,0,0,0,0,0,0,0,0,0,0,0,0,0,0,0,0,0,0,0,0,0,0,0,0,0,0,0,0,0,0,0,0,0,0,0,0,0,0
80,0,0,0,0,0,0,0,0,0,0,0,0,0,0,0,0,0,0,0,0,0,0,0,0,0,0,0,0,0,0,0,0,0,0,0,0,0,0,0,0,0,0,0,0,0,0,0,0,0,0,0,0,0,0,0,0,10,20,20,30,20,20,20,10,10,10,10,0,0,0,0,0,0,0,0,10,30,40,40,20,20,20,20,0,0,0,0,0,0,0,0,0,0,0,0,0,0,0,0,0,0,0,0,0,0,0,0,0,0,0,0,0,10,70,110,70,40,80,210,130,130,60,60,0,0,0,0,0,0,0,0,0,0,0,0,0,20,30,20,0,0,0,0,0,0,0,0,0,0,0,0,0,0,0,0,0,0,0,0,0,0,0,0,0,0,0,0,0,0,0,0,0,0,0,0,0,0,0,0,0,0
78,0,0,0,0,0,0,0,0,0,0,0,0,0,0,0,0,0,0,0,0,0,0,0,0,0,0,0,0,0,0,0,0,0,0,0,0,0,0,0,0,0,0,0,0,0,0,0,0,0,0,0,0,0,0,10,20,10,0,0,0,0,0,0,0,0,0,0,0,0,0,0,0,0,0,0,0,0,0,0,10,0,0,0,0,0,0,0,0,0,0,0,0,0,0,0,100,380,360,510,300,60,0,0,0,0,0,0,0,0,0,0,0,0,0,0,10,0,0,0,10,0,0,0,0,0,0,0,0,0,0,0,0,0,0,0,0,10,30,40,40,30,40,10,0,0,0,0,0,0,0,0,0,0,0,0,0,0,0,0,0,0,0,0,0,0,0,0,0,0,0,0,0,0,0,0,0,0,0,0,0,0
76,0,0,0,0,0,0,0,0,0,0,0,0,0,0,0,0,0,0,0,0,0,0,0,0,0,0,0,0,0,0,0,0,0,0,0,0,0,0,0,0,0,0,0,0,0,0,0,0,160,0,0,0,0,0,10,20,20,0,0,0,0,0,0,0,0,0,0,0,0,0,0,0,0,0,0,0,0,0,0,20,10,0,0,0,0,0,0,0,0,0,0,0,0,0,0,0,10,230,330,20,0,0,0,0,0,0,0,0,0,0,0,0,0,0,0,0,0,0,0,0,60,90,170,290,90,0,0,0,0,0,0,0,0,0,0,0,0,10,0,10,40,80,90,60,70,70,20,0,0,0,0,0,0,0,0,0,0,0,0,70,30,0,0,0,0,0,0,0,0,0,0,0,0,0,0,0,0,0,0,0,0
74,0,0,0,0,0,0,0,0,0,0,0,0,0,0,0,0,0,0,0,0,0,0,0,0,0,0,0,0,0,0,0,0,0,0,0,0,0,0,0,0,0,0,220,0,0,0,0,0,0,0,0,0,0,0,0,0,0,0,0,0,0,20,0,0,0,0,0,0,0,0,0,0,0,0,0,0,0,0,10,30,10,0,0,0,0,0,0,0,0,0,0,0,0,0,0,0,0,0,0,10,0,0,0,0,0,0,0,0,0,0,0,0,0,0,0,0,0,80,500,560,340,170,70,0,0,0,0,0,0,0,0,0,0,40,70,90,100,110,110,120,180,210,220,220,210,160,170,0,0,0,0,0,0,0,0,0,0,90,360,1180,1060,910,290,70,110,20,0,0,0,0,0,0,0,0,0,0,0,0,0,0,0
72,0,0,0,0,0,0,0,0,0,0,0,0,0,0,0,0,0,0,0,0,0,0,0,0,0,0,0,80,0,0,0,0,0,0,0,0,0,0,0,0,0,0,0,0,0,0,0,1020,0,0,380,880,0,0,0,0,0,0,0,0,0,10,3010,10,0,0,0,0,0,0,0,0,0,0,0,0,20,30,30,10,0,0,0,0,0,0,0,0,0,0,0,0,0,0,0,0,0,0,0,0,0,0,0,0,0,0,0,0,0,0,0,0,0,0,0,10,360,770,250,0,0,0,0,0,330,750,180,220,150,160,60,140,220,810,1380,1390,350,190,230,250,250,250,240,200,180,470,610,640,580,450,400,520,740,660,370,0,0,0,10,140,1110,1220,470,140,60,0,0,0,0,0,0,0,0,0,0,0,0,0,0,0,0
70,630,60,0,0,0,0,0,0,0,40,100,4750,130,100,40,10,0,0,0,0,0,0,0,0,0,0,0,40,0,0,0,440,0,0,0,0,0,0,0,0,0,0,0,0,0,0,0,0,0,0,0,0,0,0,0,780,0,0,0,0,0,0,90,2900,80,0,0,0,0,0,0,0,0,0,0,10,20,20,30,0,0,0,0,0,0,0,0,0,0,0,0,0,0,0,0,0,0,0,0,2110,3350,18350,7690,4930,9860,4900,0,0,0,0,0,0,0,0,0,60,370,610,140,110,0,0,0,450,1370,1380,560,1380,1340,1430,590,320,490,1030,2310,2860,2070,280,280,280,280,280,280,280,270,230,250,410,160,160,430,950,980,950,820,470,1790,1870,1870,1950,2190,940,570,560,550,400,650,860,910,670,20,0,0,0,0,100,0,0,0,330,0
68,880,170,0,0,0,0,10,160,360,420,410,370,300,290,240,70,60,100,100,70,50,20,690,4030,0,0,0,80,180,0,0,0,0,0,0,0,0,1430,0,0,0,0,930,680,0,520,0,0,0,1890,0,0,0,0,0,0,0,0,0,0,0,0,30,4630,6330,0,0,0,0,0,0,0,0,0,10,10,0,10,0,0,0,0,0,0,0,0,0,0,0,0,0,0,0,0,0,0,11070,44650,69820,91090,21820,17290,9920,8010,33480,41930,442370,37700,30010,530,0,20,270,30,300,220,360,230,360,470,850,1130,15400,740,1280,1540,760,2100,2520,1660,1330,1200,2420,3030,279380,2840,1460,290,240,230,230,240,240,210,180,170,170,170,170,220,650,790,780,850,820,780,1090,2290,2400,2670,2480,1170,1020,970,990,1010,1310,1430,1590,1760,1420,1510,1450,2610,3790,4460,4850,2150,1940,1520,0
66,2410,2850,1830,1370,810,30,50,500,790,1260,1440,1230,870,220,220,230,250,250,250,160,340,70,870,150,0,610,30,40,0,0,0,0,1270,0,0,20,50,0,0,0,0,0,0,0,0,0,470,150,0,0,0,0,0,0,0,0,0,1420,480,0,0,0,0,5620,280,30,0,0,0,0,0,10,0,0,0,0,0,0,3660,150,2890,2700,510,0,0,0,0,0,0,0,0,0,0,0,0,120,27950,85410,11830,12130,35310,50840,82640,29320,31050,77620,155380,25720,5240,5340,2190,1450,1540,640,1500,3150,5300,27020,53290,14680,21540,98060,82810,51180,1700,1750,1600,3660,79910,3740,1750,1700,7650,15220,2760,1260,260,230,240,240,240,240,240,1400,1590,1680,1190,190,200,2840,1310,530,570,790,950,520,1460,2470,2450,2210,1030,910,1010,1000,1670,1610,1320,1290,1280,1870,1970,1970,1970,1980,2500,2930,1470,1400,1890,2380,0
64,490,860,2720,2880,490,10,890,4700,1350,1510,970,810,260,240,470,6130,73630,6310,780,500,1340,80,80,70,10,0,760,420,580,0,0,250,130,0,0,0,0,0,0,0,0,970,570,0,0,0,0,0,740,0,0,2470,0,0,0,0,0,0,0,0,0,0,0,3790,14160,40,0,0,0,0,0,2920,0,0,0,0,0,320,23190,160890,25440,2650,8370,2470,0,0,0,0,0,0,0,0,0,0,90,45020,49080,22120,16380,51740,182770,58650,312220,81930,46520,40140,19780,28280,5190,197010,371300,18190,12430,8670,9080,12130,43710,22570,74600,18690,21760,6570,3770,2860,2410,3920,41770,5330,7400,6670,1320,1270,1620,1960,1460,640,260,260,260,260,260,260,360,3530,4820,4990,2930,3450,5540,8420,5790,3370,2420,2460,2930,2660,2650,2570,2550,2800,3780,3100,1710,1580,4340,3350,2160,2280,2750,1600,1580,1610,1420,1110,1240,1250,1220,1200,12550,1430,0
62,0,0,0,0,280,180,0,1120,2100,1510,360,340,300,420,1980,1720,1340,2010,1160,750,90,810,420,1320,80,20,0,0,170,0,0,410,19020,0,300,0,0,0,0,0,0,0,0,2630,370,0,0,0,0,0,0,280,960,0,0,5100,0,0,0,0,0,0,0,0,110,1020,0,0,0,0,0,0,0,0,0,0,0,0,19660,23270,2200,810,0,0,0,0,37720,0,0,0,0,0,30710,184270,85320,283580,35440,95920,212000,83030,168020,307990,288020,277870,193260,64790,33380,92130,29320,54340,50180,32840,24400,20390,34780,38230,123160,51360,29450,10490,9020,13270,91820,34210,7060,10790,14970,162030,62090,7230,4470,3160,1940,2130,2120,1890,1180,900,740,700,720,630,370,1150,2800,4910,35420,7970,8900,9000,8750,7300,4460,3870,118180,20240,12530,4450,2760,3180,4830,5550,8160,12540,17850,17430,3130,3480,3560,1390,1230,800,670,730,980,1620,2050,2280,1890,1410,0
60,0,0,0,50,0,0,400,2380,3430,8880,1260,1050,750,210,37520,318430,3620,1960,1770,1090,370,660,21670,750,110,1310,50,30,580,1370,0,1730,2980,2270,700,0,0,0,0,0,0,0,1720,10,0,0,0,0,0,0,420,1200,0,50,710,390,0,0,0,0,0,0,0,0,0,1260,3490,4810,30,0,0,0,0,0,0,0,0,0,0,0,0,0,0,0,0,0,8490,0,80,20430,0,0,392990,94230,94060,615020,87170,237710,379330,52150,208530,872920,1728140,333500,673810,528010,91080,273030,60430,73250,95380,82950,63720,223510,66250,267610,38410,34700,31550,83230,48160,48600,85710,19350,51190,21530,472200,63570,340850,56720,7830,8060,7820,6820,5370,4570,5890,4070,1440,1700,1130,1100,1160,1520,1970,8430,9650,10200,8740,4830,4260,3950,8680,12190,88290,26290,13900,6760,3790,2960,2430,2540,2650,6190,8130,18000,11250,3640,910,130,680,1530,1660,1870,2010,2270,920,120,0,0,0
58,0,0,0,0,0,0,130,70,220,1860,3300,2090,500,430,13110,270,240,0,0,240,740,1100,31360,2860,290,400,240,290,5200,310,4890,6850,4540,1070,10360,100,910,1450,1000,620,330,20,1080,0,0,0,0,0,0,0,1220,0,0,0,0,2150,140,540,30,0,0,0,0,0,0,0,0,0,0,0,0,0,0,0,0,0,0,0,0,0,0,0,0,0,0,0,18810,8120,47190,1820,0,0,363010,187020,369670,1346890,588450,716320,1579040,982490,1120,98460,778880,398110,1340030,2773950,304390,197130,469020,494600,249000,127740,153320,118180,719250,304260,287900,286490,1015910,341750,404130,64940,75460,29780,141980,20810,19140,20590,9950,9800,13860,61270,21210,22290,10750,9550,114270,26060,22610,26200,23780,120030,3880,4270,9110,13090,10340,4330,4340,4140,3720,6230,8610,7720,7890,7640,2630,1950,1700,2200,2090,920,770,1220,1120,115660,2180,600,0,870,3360,1910,280,30,0,10,0,0,0,0,0
56,0,0,0,0,0,0,0,0,0,160,430,320,520,13120,0,0,0,0,0,0,0,200,9310,6490,2040,640,1470,3140,3650,20600,11550,19010,3190,10910,17630,3390,130,130,1060,1620,2110,1950,1480,410,20,190,200,0,0,0,690,320,0,0,0,0,0,0,100,1010,0,0,0,0,0,0,0,0,0,0,0,0,0,0,0,0,0,0,0,0,0,0,0,0,0,20,19500,236070,1478120,35800,0,0,0,640,921110,1024840,1318180,644160,161610,56550,290490,645450,1325650,445890,483140,339740,242530,837360,1062180,1898160,2100050,2310040,674440,1220790,468220,405330,1260920,653970,691960,681620,2729250,578840,817480,223520,175960,95370,70370,113220,43580,21430,29960,93480,787530,233420,100000,268300,875270,224280,92490,62530,312880,61690,97120,17090,18820,13550,20430,29070,6650,7560,7180,16410,22400,19220,17170,11970,650,650,630,290,20,0,0,0,0,0,0,110,2780,5080,11230,4870,0,0,0,0,0,0,0,0,0
54,0,0,0,0,0,0,20,420,760,1040,150,0,0,0,0,0,0,0,0,0,0,0,0,6040,32920,29460,25040,15480,27250,28560,65170,21620,41220,38270,44390,15070,5300,8860,4650,12480,3220,20090,3750,1680,550,680,820,710,340,0,50,1330,90,80,90,0,1290,80,130,740,950,20,0,0,0,0,0,0,0,0,0,0,0,0,0,0,0,0,0,0,0,0,0,0,2230,145460,1185550,2723830,2092860,2920700,0,0,0,1850,1765790,1702850,3015300,239900,640660,1596430,1464690,1488720,1685140,971780,1095510,1240070,434900,459720,15595680,3131760,641090,967290,996600,890570,2445480,751930,1703520,927040,1307650,763480,2277350,296450,724200,217170,468080,232140,1525770,266770,151140,207800,146990,2045930,405780,1296950,179850,150570,344660,133400,48800,112000,121740,63030,17940,19740,41760,27020,10730,6210,8690,4530,9900,19450,66730,10400,10650,7160,1550,740,270,1040,130,990,0,0,0,0,0,930,5290,13510,10780,90,130,860,10,0,0,0,0,0,0
52,0,0,890,370,0,1290,2550,0,0,0,0,0,0,0,0,0,0,0,0,0,0,0,0,1850,1730,7100,4060,7340,100810,22490,14030,29890,112910,1120610,79300,65070,263170,97070,22250,22360,2690,4610,7600,3070,1810,2530,1400,710,1950,1650,5030,150,170,180,160,0,13740,250,310,9540,400,1910,810,0,0,0,0,0,0,0,0,0,0,0,0,0,0,0,0,0,0,0,0,0,13690,834580,2244700,204840,9374760,12255090,2000980,0,6522300,4430460,6864900,4822390,5500140,2232840,2760450,3188130,4140540,2038580,1355880,2691840,1055160,1548200,862240,1200850,1148800,1837920,1165730,615950,1149020,735750,1197220,1344680,502030,628050,539810,801340,288560,616680,161360,193820,366540,226160,108050,117590,571370,293510,286560,1043470,634480,1192510,205160,545100,62370,35370,9800,14650,75750,653840,762630,46590,59670,35970,373730,54440,79230,45710,76780,132830,114780,83330,14890,10330,9290,6130,5700,13380,48760,41930,0,0,0,0,0,30,12870,265630,20,0,0,0,0,0,130,0,10,0,0
50,30,80,0,0,0,0,0,0,0,0,0,0,0,0,0,0,0,0,0,0,0,0,0,0,0,200,14700,29480,20630,122960,151990,25580,720660,406450,81830,27530,46490,271850,77790,57770,40650,94150,5820,8470,6090,1940,3230,1080,900,3900,1870,690,1220,2540,100,30,34580,2270,3970,2610,2050,15930,6150,0,0,0,0,0,0,0,0,0,0,0,0,0,0,0,0,0,0,0,0,0,7710,357550,11660,1185680,5043180,13417990,5912940,6563480,13472890,16391020,7560480,4573620,5844090,5040290,4086700,7668420,3978470,2901770,1837120,1594780,1275880,4528180,1328110,1370660,2659000,2057750,744400,664090,1193730,948430,238980,370990,176400,819580,520380,641590,81310,58760,67400,162050,136130,424660,370270,200340,56610,102600,743210,417160,120180,112150,38820,76130,58270,123790,22880,38150,36070,83600,114270,596170,128320,60380,77750,145080,177050,149160,212000,174340,228680,448180,305730,39780,20650,38420,360150,35340,12550,55540,0,0,0,0,0,1990,4880,160,0,0,0,0,0,0,0,0,20,70,0
48,0,0,0,0,0,0,0,0,0,0,0,0,0,0,0,0,0,0,0,0,0,0,0,0,0,0,4300,205860,3218750,118910,259530,157370,138430,155790,30940,33700,19230,32300,67320,105500,145040,808790,51940,40900,9050,131420,16350,13150,22350,70690,88810,42350,13140,60110,228970,130200,83600,62940,220,10,32820,47670,81670,29900,0,0,0,0,0,0,0,0,0,0,0,0,0,0,0,0,0,0,0,0,0,0,2170,529650,944920,2107350,3420810,12474720,1854910,6082360,10971570,7204760,3318910,2847280,6118990,4946090,3761850,3346950,3683670,2372440,1698740,1889840,2297380,3109140,3845090,3943480,744510,343210,1712690,126710,51520,57830,56600,55630,94080,53910,22250,19540,25090,21640,28500,53500,919040,56740,36980,33800,106670,364590,160700,163520,89580,53990,41940,43060,37920,43200,50920,48270,147890,438830,35940,31740,24930,23390,236290,254700,529480,654530,1844580,1178750,676910,220160,205640,621120,33210,41690,38330,91870,2580,0,0,0,100,710,0,0,0,0,0,0,0,0,0,0,0,0,0
46,0,0,0,0,0,0,0,0,0,0,0,0,0,0,0,0,0,0,0,0,0,0,0,0,0,0,0,24520,3576230,448920,381610,708910,133210,126510,125160,27330,12940,35160,47270,131230,66620,355490,249100,340190,99050,84500,81080,137410,36980,185110,130780,26000,92790,481530,1082170,152860,152930,316870,123570,80150,18920,10520,34770,249750,0,0,0,0,0,0,0,0,0,0,0,0,0,0,0,0,0,0,0,0,0,0,0,109020,967200,2954930,2183940,1389960,1977260,5647230,5365530,2630130,2275610,4018490,3064810,5141620,2947870,2584270,2099470,3913710,3614700,2359250,2303420,2138710,1978270,2939620,1380000,487480,167770,323130,344700,184130,86710,50300,18730,33140,51190,42600,19680,203490,14750,24060,25320,115860,31240,42590,138990,331700,254340,157050,128330,76720,38500,20940,30070,34900,50730,61140,44490,546200,40300,28790,24710,23870,32630,69610,721790,2885190,4870750,5334570,2011810,3555530,1185700,144270,43210,8000,23720,290840,0,0,10,1010,430,0,0,0,0,0,0,0,0,0,0,0,0,0,0
44,0,0,0,0,0,0,0,0,0,0,0,0,0,0,0,0,0,0,0,0,0,0,0,0,0,0,0,28730,2770280,214410,110710,86410,16060,44780,90030,173630,58680,45990,135600,43270,87490,156660,554360,3425790,496410,1008540,348240,424280,107330,230050,933570,602650,1800270,4550290,517220,478230,226220,321920,505210,96090,4600,0,0,0,0,0,0,0,0,0,0,0,0,0,0,0,0,0,0,0,0,0,0,0,0,0,0,0,0,1772620,1771610,1331660,4907870,3471940,10574080,7596420,3415900,1220880,2168000,2802300,3194700,2507520,3783850,4993200,1789750,14080,973060,1304680,845510,2276710,2200770,1620320,393400,142210,25120,13740,16340,20560,22260,6620,30470,56670,209090,74640,35990,38310,33420,90240,183910,415340,1197690,394350,985560,1164890,343860,186330,60380,23740,16420,25850,39280,48560,20970,22620,19150,20310,32590,98560,182870,654950,1075680,2829380,6570250,9736910,2897700,2799490,695500,114940,8520,0,84610,183530,31020,7290,2900,330,0,0,0,0,0,0,0,0,0,0,0,0,0,0,0
42,0,0,0,0,0,0,0,0,0,0,0,0,0,0,0,0,0,0,0,0,0,0,0,0,0,0,0,79390,419270,91350,9250,481620,149270,236160,143870,43550,72310,41200,67090,27550,78640,549680,355210,662650,714560,3398170,2859800,2536880,6198430,1903010,7380330,2218190,998560,2355520,6053720,62230,12940,24680,0,0,0,0,0,0,0,0,0,0,0,0,0,0,0,0,0,0,0,0,0,0,0,0,0,0,0,1985130,973700,1500250,2711690,1837690,1920870,2087310,3080120,1732280,200200,3336680,4034180,763890,1426970,2092060,4939150,3407940,2857150,2186090,184130,0,1050,5110,0,229440,887470,2245760,2392950,1718400,133130,175360,70230,16870,42190,1066490,338810,61690,38200,140290,1102120,818060,502890,1637480,1836290,368210,738640,790690,376740,2438980,494220,185210,154020,120940,20360,20060,11680,10840,10990,31340,67660,158980,262680,380540,825630,2471910,3216890,7226960,9003570,3964730,2425030,1327440,604980,20620,0,17540,3317660,1192480,433420,1930,0,0,0,0,0,0,0,0,0,0,0,0,0,0,0,0,0
40,0,0,0,0,0,0,0,0,0,0,0,0,0,0,0,0,0,0,0,0,0,0,0,0,0,0,0,116480,277150,78010,29770,25140,41290,329730,1636510,64600,55500,755730,125350,84730,236020,891350,619080,795380,1078680,2593540,6701310,2056720,2781660,5464400,2362850,2162360,12072930,14970570,2031670,17390,0,0,0,0,0,0,0,0,0,0,0,0,0,0,0,0,0,0,0,0,0,0,0,0,0,0,0,0,0,3921240,1170380,1506010,5541520,1112700,1837110,4183370,2930,0,796140,350,4218730,6907540,2962170,2310870,2487420,2457490,1090130,1785900,12227450,2683700,2526310,1973640,2255850,1420320,1635470,1727000,5569150,2405330,2632750,544630,71390,29050,207230,609940,1530480,387000,970260,944300,7065370,5428150,3946960,252270,297960,438080,778150,488870,350770,172170,110130,64220,130000,192120,170330,227200,19200,14300,59900,1150380,1880620,3441760,4432470,4640960,11173590,6842160,6499730,16325960,4137380,2906510,2619960,120,0,0,0,15870,2330380,770,0,0,0,0,0,0,0,0,0,0,0,0,0,0,0,0,0,0,0
38,0,0,0,0,0,0,0,0,0,0,0,0,0,0,0,0,0,0,0,0,0,0,0,0,0,0,0,0,1217130,2773540,513690,5480,11640,42630,81680,157330,195710,3010170,62750,68500,144850,418560,2311720,638100,2722890,1113130,2140660,4737050,2049260,1042700,1122510,8359490,4349030,0,0,0,0,0,0,0,0,0,0,0,0,0,0,0,0,0,0,0,0,0,4310,38610,58560,0,0,0,0,0,0,0,0,3759070,1066220,712610,989470,4301770,205470,665860,41840,0,965070,0,1020210,1023430,1547200,258990,1165870,2556250,69820,4133010,3482820,2100720,3406570,2067240,1878930,1739600,2080700,1701760,2212200,2184530,2123930,0,122390,210700,284870,348710,381990,689560,2017950,4112480,2967200,468030,213110,602780,2069510,568080,572700,102200,15290,10960,6010,12430,43030,38090,98170,664400,1204630,1072970,469310,2444990,1012430,2910400,6460220,19318450,25351040,5777070,3471290,2295770,8680400,6298120,401910,0,0,0,0,571830,5160470,10990,0,0,0,0,0,0,0,0,0,0,0,0,0,0,0,0,0,0,0
36,0,0,0,0,0,0,0,0,0,0,0,0,0,0,0,0,0,0,0,0,0,0,0,0,0,0,0,0,3783520,3718040,1270030,23160,1323950,131810,53210,162140,122480,107020,33540,149240,117290,936870,1440710,820290,465320,897300,1996000,1216840,1435720,1488970,1752270,2919370,126870,0,0,0,0,0,0,0,0,0,0,0,0,0,0,0,0,0,0,0,0,0,0,0,0,132800,0,0,0,0,0,0,0,292490,1729960,3684700,1569850,920910,1437670,5738790,3807850,3871820,2487100,2543540,1140530,2340220,5860,0,318410,2688420,134610,831400,2122940,1716950,2346730,2673120,4592470,3005000,4121960,2079810,3504380,2778280,3041220,2333990,2159430,1700860,1073500,2235010,1347910,475670,869830,2639020,3707060,800670,823340,753550,447240,574450,320340,74620,16480,13550,7350,19920,45800,40170,78620,130950,2371080,5078970,2991220,2403460,2250090,6642460,10464480,26102110,23487890,15625730,12673470,1680230,312340,26713120,2860060,10310,25220,380,3287310,9890340,4248730,0,0,0,0,0,0,0,0,0,0,0,0,0,0,0,0,0,0,0,0
34,0,0,0,0,0,0,0,0,0,0,0,0,0,0,0,0,0,0,0,0,0,0,0,0,0,0,0,0,0,453590,6786100,2626720,230510,162930,199130,135630,843250,125120,141230,360740,356340,1492370,666790,1034010,869860,1605840,1617630,2443210,2338480,3341370,2543910,1099220,16770,0,0,0,0,0,0,0,0,0,0,0,0,0,0,0,0,0,0,0,0,0,0,0,0,0,0,0,0,0,0,0,0,0,1696270,5717180,2016300,3518620,2553010,1666980,2279550,1993200,2116930,1949630,5770,359530,0,0,0,49690,513890,24040,0,0,759880,1292980,6213880,1553950,1451470,1725980,2835950,3184990,3251520,13105060,654950,189830,399450,1045750,1100300,1159070,772620,1005700,5117560,6174360,9134610,4511600,480460,85680,62780,21780,9910,8900,14490,30830,20740,28380,45080,82150,331460,3065550,6576360,7832290,17208110,11262280,25629090,28344470,29213880,20581300,863750,0,22620,5801100,10779920,1143180,6365360,21522150,13499850,31695010,4263200,0,0,0,0,0,0,0,0,0,0,0,0,0,0,0,0,0,0,0,0
32,0,0,0,0,0,0,0,0,0,0,0,0,0,0,0,0,0,0,0,0,0,0,0,0,0,0,0,0,0,580,3677740,8442000,732050,1727690,2406420,84430,220580,180250,226160,374160,422140,5538290,987370,880980,897710,631790,1817240,4006150,1456740,1551520,565080,3960,0,0,0,0,0,62960,0,0,0,0,0,0,0,0,0,0,0,0,0,0,0,0,0,0,0,0,0,0,0,239450,0,0,0,1884360,8207530,2295020,457070,179440,114400,394280,425090,391230,427940,697340,2194040,564210,0,310,261600,70180,180,0,0,0,0,8752730,2809860,395800,406200,678240,9090640,1535770,2628670,3050020,1432110,157340,76240,352090,277190,409540,753140,974570,3591680,8022130,15194230,14813700,1179480,39440,11320,8690,7770,8420,11370,48040,74560,79200,176580,157090,184650,379380,3947170,5964810,4918630,7582050,18785600,26536180,21478100,24472730,13325350,0,0,550720,1375920,9883680,2190910,585900,34120,10010,0,0,0,0,0,0,0,0,0,0,0,0,0,0,0,0,0,0,0,0,0
30,0,0,0,0,0,0,0,0,0,0,0,0,0,0,0,0,0,0,0,0,0,0,0,0,0,0,0,0,0,0,0,46450,646200,125490,429340,151590,2041280,32460,224620,142380,281330,2043350,1360490,1068450,1584880,1417010,978950,1110710,723400,1326960,0,0,0,0,0,0,0,0,0,0,0,0,0,0,0,0,0,0,0,0,0,0,0,0,0,0,0,0,0,0,0,0,0,0,0,3735030,1690040,635460,147070,71180,62160,170040,98950,111310,136850,75480,136050,73240,77120,40360,758860,122590,41700,128500,2751520,36998220,1951010,6224520,950270,121780,165490,545740,1141340,2747080,3187310,1535550,1371350,490310,593750,341970,631450,196010,1088550,1879040,1009970,8844460,23453410,26754080,15133780,2813340,166380,17060,19900,35130,55450,152820,138650,163630,243250,230100,310530,7502580,26682960,21392020,9669010,7577610,17353560,20728410,15401190,17977970,39715180,711670,0,0,7780,2222550,0,0,0,0,0,0,0,0,0,0,0,0,0,0,0,0,0,0,0,0,0,0,0,0,0
28,1480,0,0,0,0,0,0,0,0,0,0,0,0,0,0,0,0,0,0,0,0,0,0,0,0,0,0,0,0,0,0,0,104220,117140,744780,181150,933570,290590,121750,436640,1779400,525280,4075180,138920,1018520,104340,0,21260,1917440,3066820,0,0,0,0,0,0,0,0,0,0,0,0,0,0,0,0,0,0,0,0,0,0,0,0,0,0,0,0,0,0,100,775080,520360,126910,189070,648560,66510,38420,58150,46110,33330,83870,76500,59740,19710,45970,67170,33200,52570,53540,30690,48690,43490,9010,18650,12363740,449160,199800,123500,179880,159150,113130,169390,1273110,1066590,1056710,2670710,660160,547090,526510,438990,171120,175290,1358100,4075600,10227900,6123330,8892130,42692820,23849600,6986790,2413920,1041850,153150,375030,621670,158630,267310,96600,282850,524580,6129440,20470830,16032950,7154940,9706180,18797530,12717310,11536060,8856620,17632930,630660,0,0,81810,1980,0,0,0,0,0,0,0,0,0,0,0,0,0,0,0,0,0,0,0,0,0,0,0,0,0
26,0,0,0,0,0,0,0,0,0,0,0,0,0,0,0,0,0,0,0,0,0,0,0,0,0,0,0,0,0,0,0,0,8200,45950,151000,854420,233300,225470,155760,487020,1330840,692240,0,0,0,0,0,0,2025800,4097880,40940,17990,0,0,0,0,0,0,0,0,0,0,0,0,0,0,0,0,0,0,0,0,0,0,0,0,0,0,0,0,3270,5600,215940,195730,75990,38470,6740,10570,27800,32130,28330,10480,10460,7660,10290,32750,32850,108490,15670,14690,17200,17200,10170,5120,5390,7968690,2161260,72990,283110,310840,184730,416430,436730,300540,176390,612990,305870,521340,780380,333390,423140,504140,352370,3064170,7152520,1383880,4779710,11819780,16694280,25043820,30134810,29796130,29282130,14520660,13409380,9742140,6921790,6883300,273770,1255000,3228260,7440890,11134420,12162440,6472250,14011110,16893040,9057810,5836330,9307090,4280050,0,0,1163790,99060,0,0,0,0,0,0,1880,0,0,0,0,0,0,0,0,0,0,0,0,0,0,0,0,0,0,0
24,0,0,0,0,0,0,0,0,0,0,0,0,0,0,0,0,0,0,0,0,0,0,0,0,0,0,0,0,0,0,0,0,0,5970,196760,685760,1163570,480040,1221150,4140290,807930,686120,0,0,0,0,0,0,910,2559440,5020,228610,2410,0,0,0,0,0,0,0,0,0,0,0,0,0,0,0,0,0,0,0,0,0,0,0,0,0,0,0,0,0,18880,38570,1690,1710,3390,19760,31860,32690,24110,10670,10720,9800,8570,22690,11530,9710,9710,7250,3770,3770,18490,34540,31720,23400,2593070,53000,118270,415940,389210,672560,564960,490530,244510,728230,26060,1579650,476470,83670,192800,273470,159520,11867740,7618820,3388210,7610280,8578230,6506640,9464270,15803380,25283040,34458960,29079250,42869610,26052610,8900250,1709460,1477010,4291840,5054390,8983580,6641480,4263900,6605920,8080550,7992530,8050520,10208260,13190350,13416470,5470,98950,0,0,2110,0,0,0,0,900,0,0,0,0,0,40,0,0,0,0,0,0,0,0,0,0,0,0,0,0
22,0,0,0,0,0,0,0,0,0,0,36310,0,0,0,0,0,0,0,0,0,0,0,0,0,0,0,0,0,0,0,0,0,0,0,75740,88880,415650,668640,1238890,1498960,1029510,602690,0,0,0,0,0,76850,3360250,1516500,831870,9730,6020,520,0,0,0,0,0,0,0,0,0,0,0,0,0,0,0,0,0,0,0,0,0,0,0,0,0,0,0,4950,33900,70820,1390,1750,3920,14020,16570,27870,26650,10900,10900,10720,9860,9090,4320,8330,10630,7470,3830,3830,21930,40010,31910,21460,3570,27380,4000,667220,1106400,964370,551250,552920,274710,246780,494530,489400,800080,975610,0,0,0,7160,1467810,6029450,21599100,12084170,9789790,8075040,6546080,6452620,11233460,27421150,56042820,49802490,3476630,3899600,2459480,1985410,2380390,3971840,3982510,5451070,12665600,13025190,34924910,21334020,11744680,79460,8042720,0,0,0,0,0,0,0,0,0,0,0,0,0,0,0,0,0,0,0,0,0,0,0,0,0,0,0,0,0,0
20,0,0,0,0,0,0,0,0,0,150,252330,780690,13490,0,0,0,0,0,0,0,0,0,0,0,0,0,0,0,0,0,0,0,0,0,0,0,20060,1171580,6597710,6291520,3410700,1855610,0,0,112980,1558920,602030,24920,78490,43590,868390,2624910,1462740,31640,11580,0,0,0,0,0,0,0,0,0,0,0,0,0,0,0,0,0,0,0,0,0,0,0,0,0,0,41840,48290,34520,2260,2480,3980,11340,14460,14650,23290,13000,11050,14960,25620,14700,1150,3540,11570,11170,7920,4430,11420,18380,18260,18140,121300,49080,26300,537280,1778560,1306070,565520,548450,248020,246140,242250,140250,33360,108090,0,0,0,0,717040,6034220,12621710,11387530,9410990,10629610,9669870,8855070,10046680,12265480,1932020,1021110,3797610,6809840,3402700,1075030,1193770,1314880,13697640,12820160,3936450,9716740,592550,17160,0,0,39580,3040,0,0,0,0,0,0,0,0,0,0,0,0,0,0,0,0,0,0,0,0,0,0,0,0,0,0,0,0,0
18,0,0,0,0,0,0,0,0,0,0,0,2910,131790,0,0,0,0,0,0,0,0,0,0,0,0,0,0,0,0,0,0,0,0,0,0,0,0,383590,2041230,3019800,26835910,6224460,1134250,1059600,444400,408680,63830,0,0,36450,158600,1889310,594100,6992090,5711970,3344640,3046870,807410,77810,0,0,0,0,0,0,0,0,0,0,0,0,0,0,0,0,0,0,0,0,0,0,124670,458880,58530,27010,2280,4510,23650,11960,14830,17560,14660,39140,25920,28850,15050,16390,3090,11720,11310,11660,11270,102070,92510,122700,122400,171950,79470,759970,23170,736480,938860,366160,283180,217700,159900,85260,15900,11470,0,0,0,0,0,0,0,27655450,11073450,11383230,10121160,2705970,8445890,5072590,166230,0,0,467850,3946590,2283600,3261870,1811040,1620870,6706820,295340,3904300,2857790,0,0,0,0,881220,79730,0,0,0,0,0,0,0,0,0,0,0,0,0,0,0,0,0,0,0,0,0,0,0,0,0,0,0,0,0
16,0,0,0,0,0,0,0,0,0,0,0,0,0,0,0,0,0,0,0,0,0,0,0,0,0,0,0,0,0,0,0,0,0,0,0,0,0,0,22740,396830,2181140,1972880,1314310,3153490,814260,418560,32620,5340,0,0,0,640940,0,0,38210,0,139730,65180,53670,422660,0,0,0,0,0,0,0,0,0,0,0,0,0,0,0,0,0,126180,18390,0,0,210700,557890,395010,217760,139020,88460,59420,369540,180150,167450,33510,61040,52550,57310,31310,6000,31800,22320,11400,11520,11730,95100,91050,134510,567110,1096540,630570,673790,615680,79180,2464770,679040,141340,142110,61240,133960,104460,130,0,0,0,0,0,0,0,3320770,15123100,10396620,15664740,15530020,6376120,0,0,0,0,0,7373210,9002720,2400930,3446740,6937380,2983310,2581730,631460,0,0,0,0,252390,5776180,222890,0,0,0,0,0,0,0,0,0,0,0,0,0,0,0,0,0,0,0,0,0,0,0,0,0,0,0,0,0
14,0,0,0,0,0,0,0,0,0,0,0,0,0,0,0,0,0,0,0,0,0,0,0,0,0,0,0,0,0,0,0,0,0,0,0,0,0,0,0,0,0,166010,10880,1415090,8902770,3776650,3564710,410130,79120,0,0,0,0,0,0,0,0,0,0,510060,0,0,0,0,0,0,0,0,0,0,0,0,0,0,0,0,0,43420,238950,0,0,5387360,1155990,639450,609300,536070,383870,731230,891680,449700,620930,586760,1332930,1185190,648290,105960,58630,153960,137830,223540,215220,424150,129760,92260,113370,369260,5683670,1014600,919500,3757900,272850,4408480,4899420,481750,626980,104670,1640,0,0,0,0,0,0,0,0,0,1143420,10064160,10501830,7982670,2011460,0,0,0,0,0,1390,395700,339960,2057200,6830350,6502330,4499720,891840,3504270,0,0,0,0,94560,25563920,578850,14110,0,0,0,0,0,0,0,0,0,72740,0,0,0,0,0,0,0,0,0,0,0,0,0,0,0,0,0,0
12,0,0,0,0,0,0,0,0,0,0,0,0,0,0,0,0,0,0,0,0,0,0,0,0,0,0,0,0,0,0,0,0,0,0,0,0,0,0,0,0,0,0,0,0,178750,5458010,3535740,1147040,46050,63460,0,0,0,4700,80700,246590,0,0,0,331900,267490,0,0,0,0,0,0,0,0,0,0,0,0,0,0,0,0,0,0,0,0,1542460,2083380,570100,388510,1727820,1631760,2049250,2428340,3781460,1035130,2013680,4338870,5774760,6931780,2053960,953950,721750,411100,273690,366340,1183190,1308750,569340,727360,1244640,2296480,730790,2379630,3664820,1131400,1961620,3454410,176680,220,0,31590,15720,0,0,0,0,0,0,0,540,0,8478660,16513820,16406140,7917560,0,0,0,0,0,180790,570,15100,2710960,12450820,3345850,2504910,1016590,4484830,0,0,0,0,18230,3136660,4399050,1280360,0,0,0,0,0,0,0,0,0,155090,0,0,0,0,0,0,0,0,0,0,0,0,0,0,0,0,0,0
10,0,0,0,0,0,0,0,0,0,0,0,0,0,0,0,0,0,0,0,0,0,0,0,0,0,0,0,0,0,0,0,0,0,0,0,0,0,0,0,0,0,0,0,0,0,0,804800,1741180,372010,0,0,0,3632690,1542310,2836630,2815850,6991800,908630,937680,1303010,0,0,0,0,0,0,0,0,0,0,0,0,0,0,0,0,0,0,0,0,0,41760,998850,1899920,927470,922490,1089720,1939540,1588680,2584340,1533370,1071430,2292180,5809860,7984390,4027110,3788600,2895310,757490,274180,156940,434940,722130,580300,700870,646890,489340,539330,5217320,6617170,1036290,1021640,81420,58970,258620,86730,0,0,0,0,0,0,0,0,0,0,49620,5404170,22793080,20035500,0,0,0,0,0,0,50400,0,7520,923170,0,406850,13371860,15617940,1855480,0,0,0,0,268450,232430,8522670,3471180,8380,0,0,0,0,0,140,0,0,0,0,0,0,0,0,0,0,0,850,70,100,1060,410,0,0,0,0,0
8,0,0,0,0,0,0,0,0,0,0,0,0,0,0,0,0,0,0,0,0,0,0,0,0,0,0,0,0,0,0,0,0,0,0,0,0,0,0,0,0,0,0,0,0,0,0,0,1428600,1429560,552710,1563130,503940,2575690,1701950,2042990,1731590,832510,873720,1513730,82890,2680,0,0,0,0,0,0,0,0,0,0,0,0,0,0,0,0,0,0,0,0,0,110,3628160,1926640,1306930,718860,983940,834420,1359900,1921810,1697800,3181330,2625810,4671760,2387870,1893160,1619810,1229900,617720,60180,98090,121070,475270,1070760,545560,664770,2586880,4212590,8616390,3556920,1680650,613000,271590,255260,23070,0,0,0,0,0,0,0,0,0,0,9320,0,20550300,5003130,2258890,0,0,0,0,0,67550,0,1930,2665400,362770,800,4627940,1502200,0,0,0,0,146900,189870,6320,3549960,4258960,571260,0,0,0,130,0,12440,300,0,0,0,0,0,0,0,0,0,0,0,440,11530,750,2170,0,0,0,0,0
6,0,0,0,0,0,0,0,0,0,0,0,0,0,0,0,0,0,0,0,0,0,0,0,0,0,0,0,0,0,0,0,0,0,0,0,0,0,0,0,0,0,0,0,0,0,0,0,0,110,242080,4890,575300,4424790,3353520,464640,142540,267570,91840,277420,84070,403020,127000,10,0,0,0,0,0,0,0,0,0,0,0,0,0,0,0,0,0,0,0,0,213120,1795140,1904030,2802410,2927020,2947900,5232720,5317250,15804660,10017910,10582440,5394000,1960000,448450,581820,542610,268990,91200,42270,15280,204520,627200,767850,361530,985940,6725340,7580680,851050,464990,372520,433910,174800,0,0,0,0,0,0,0,0,0,0,0,45250,0,0,3531680,12497910,0,0,0,0,0,47880,0,0,1579220,4171650,706310,0,0,0,0,0,5190,491410,28400,479950,2068190,7847920,736960,0,0,0,18970,0,0,0,0,0,790,1960,58490,200,0,330,37900,260,0,0,0,3220,26720,120,0,0,0,0
4,0,0,0,0,0,0,0,0,0,1060,0,0,0,0,0,0,0,0,0,0,0,0,0,0,0,0,0,0,0,0,0,0,0,0,0,0,0,0,0,0,0,0,0,0,0,0,0,0,0,0,0,968710,11205140,2183930,72550,26090,69310,9090,25650,23910,46650,90760,383830,137070,1660,0,0,0,0,0,0,0,0,0,0,0,0,0,0,0,0,0,0,0,37350,645690,1506110,3012190,2840200,5734760,322470,0,2059790,15355040,3872330,3427380,455320,467960,415330,1128090,588300,209150,103800,131330,249560,432150,315860,250680,1148400,1040830,299280,318230,422650,204550,10360,0,0,0,0,0,0,0,0,0,0,0,143180,0,0,0,306010,0,0,0,0,0,0,959940,2200270,265910,4183270,1511350,0,1610,6540,0,74770,792090,1387500,652080,509130,0,242680,51860,0,0,30,0,0,0,0,0,0,0,0,0,890,0,140,0,0,8810,0,0,3570,0,50,0,0,0,0
2,0,0,0,0,0,0,0,0,0,0,1720,280,0,0,0,0,0,0,0,0,0,0,0,0,0,0,0,0,0,0,0,0,0,0,0,0,0,0,0,0,0,0,0,0,0,0,0,0,0,0,74080,4536410,2645920,333250,49900,16470,8410,2300,23650,233020,27520,77250,15120,11580,20520,0,0,0,0,0,0,0,0,0,0,0,0,0,0,0,0,0,0,0,0,0,0,0,0,0,0,0,0,0,779990,1688120,382500,223270,147910,1333550,1112330,865190,316790,664370,633360,3742960,2289050,626860,119340,258090,424060,762470,1933350,131170,0,0,0,0,0,0,0,0,0,0,0,0,43500,0,0,0,0,0,0,0,0,0,0,22420,683530,9235710,6312820,2695810,13550,28000,40700,291730,321430,73480,335820,4520,0,0,195790,38390,46690,20,0,0,0,0,0,0,0,0,0,0,0,0,0,0,0,0,0,0,0,0,6420,0,0,0,0
0,0,0,0,0,0,0,0,0,0,0,0,3080,0,0,0,0,0,0,0,0,0,0,0,0,0,0,0,0,0,0,0,0,0,0,0,0,0,0,0,0,0,0,0,0,1320,0,0,0,0,10460,1143580,2167730,454750,43370,37650,17370,7660,5650,11280,25390,31510,33350,47580,33780,372450,3570,0,0,0,0,0,0,0,0,0,0,0,0,0,0,0,0,0,0,0,0,0,0,0,0,0,0,0,137700,619630,269550,76580,63070,60640,351650,402720,437190,937200,250130,2324720,4033890,8479710,8760170,1593050,271640,400930,677640,731310,0,0,0,0,0,0,0,0,0,0,0,0,0,30940,0,0,0,0,0,0,0,0,0,0,0,683780,1817560,2729170,6463650,886970,3490,1460700,1542500,250030,74720,298050,63450,591300,946830,1627810,403130,66610,2130,0,0,0,0,0,0,0,0,0,0,0,0,0,0,0,0,0,0,0,0,54210,0,0,0,0
-2,0,0,0,0,0,0,0,0,0,0,0,0,0,0,0,0,0,0,0,0,0,0,0,0,0,0,0,0,0,0,0,0,0,0,0,0,0,0,0,0,0,0,0,0,13180,4310,0,0,0,1177230,4952540,266730,45980,10390,6960,10730,12600,12330,10160,35660,30640,38180,101780,54250,219150,2376930,885940,166210,0,0,0,0,0,0,0,0,0,0,0,0,0,0,0,0,0,0,0,0,0,0,0,0,2370,0,135700,104950,155550,163980,310460,643610,344520,459460,263600,292930,6137720,6337040,504950,7232100,10132760,781410,960430,569350,0,0,0,0,0,0,0,0,0,0,0,0,0,0,28050,0,0,0,0,0,0,0,0,0,0,0,1610,149810,4200740,2316300,337590,86810,1033280,759460,442910,490170,1624630,760600,464790,468020,74970,134640,30270,212210,167540,99140,129040,9140,0,390,490,3150,4470,20,0,0,0,0,0,0,0,12220,270,0,0,11240,2380,0,0
-4,0,0,0,0,50,0,0,0,0,0,0,0,0,0,0,0,0,0,0,0,0,0,0,0,0,0,0,0,0,0,0,0,0,0,0,0,0,0,0,0,0,0,0,0,0,0,0,0,0,2250290,2672250,52240,21770,267380,50350,83080,47560,64820,31870,1303400,425240,205290,326630,108100,93680,475470,314960,2179690,618780,1068930,3268390,0,0,2050,0,0,0,0,0,0,0,0,0,0,0,0,0,0,0,0,0,0,0,0,3970,114700,315860,871310,700410,626070,163730,647970,421290,739060,9480300,4744470,4287400,1677020,2679920,1239710,356680,0,0,0,0,0,0,0,0,0,0,0,0,0,0,0,0,0,0,0,0,0,0,0,0,0,0,0,0,12930,516670,3159670,4195210,500290,67120,316520,480580,3211740,261010,1946190,1361330,336320,37980,192690,592160,55410,105260,116480,191050,264000,395520,102290,10110,37750,390,44420,21270,170,0,0,0,0,0,0,0,0,0,940,1200,0,0
-6,0,0,0,0,0,0,0,0,0,0,0,0,0,0,0,0,0,0,0,0,0,0,0,0,0,0,0,0,0,0,0,0,0,0,0,0,0,0,0,0,0,0,0,0,0,0,0,0,0,1264680,1133390,230490,107100,260280,25750,50970,44740,65290,36830,43220,38120,55330,59470,26850,170910,383230,720290,973850,1709470,798920,1316000,841200,1235590,0,0,0,0,0,0,0,0,0,0,0,0,0,0,0,0,0,0,0,0,0,0,330930,2438640,7057840,1213200,2353110,936140,1495820,490110,796440,1128150,1528710,1339280,1888040,990870,3126760,0,0,0,0,0,0,0,80410,0,0,0,0,0,0,0,0,0,0,0,0,0,0,0,0,0,0,0,0,0,0,0,830260,7653860,225540,0,8390,0,31550,17330,3559250,1797770,1090510,8800,540,19960,26810,127700,46690,97520,223360,172380,601550,738550,68600,77210,239030,94160,75550,20,100,0,0,0,0,0,0,0,0,720,0,0
-8,0,0,0,0,0,0,0,0,0,0,0,0,0,0,0,0,0,0,0,0,0,0,0,0,0,0,0,0,0,0,0,0,0,0,0,0,0,0,0,0,0,0,0,0,0,0,0,0,0,59840,2705840,791420,174650,84300,53010,28790,16000,16070,33900,29670,15980,43940,30890,22020,173790,368210,265340,164680,400900,702980,1923370,1453060,4718360,0,0,0,0,0,0,0,0,0,730,0,0,0,0,0,0,0,0,0,0,0,0,0,209360,739130,790860,547020,1112760,2930630,980460,657070,592820,603540,522210,1134920,1777310,3914140,0,0,0,0,0,0,0,0,0,0,0,0,0,0,0,0,0,0,0,0,0,0,0,0,0,0,0,0,0,0,0,0,998270,42485100,23726670,26881580,19474820,747980,280,0,89790,0,4970,16580,17600,75860,580,37210,440,103040,89270,271620,748430,493160,17870,17680,0,140920,37530,9830,420,0,0,0,0,0,0,0,1740,1790,0
-10,0,0,0,600,850,0,0,0,0,0,0,0,0,0,0,0,0,0,0,4560,3610,0,0,0,0,0,0,0,0,0,0,0,0,0,0,0,0,0,0,0,0,0,0,0,0,0,0,0,0,0,1286780,1269050,333850,124050,52700,110930,96010,115840,349230,49160,24290,46670,61760,31140,88600,223590,90780,104760,239200,672330,610610,2654080,4599950,0,0,0,0,0,0,0,0,0,0,0,0,0,0,0,0,0,0,0,0,0,0,0,2127080,774030,559820,174550,152790,298560,425760,561470,568170,746990,1978230,1469360,471800,478160,0,0,0,0,0,0,0,0,0,0,0,0,0,0,0,0,0,0,0,0,0,0,0,0,0,0,0,0,0,0,0,0,0,0,0,2508020,6206310,4739590,3374700,1173730,1228140,631580,1571400,223540,14270,16930,0,0,1400,3610,98750,29400,270,418280,145690,42850,12970,0,44600,103930,189990,160,0,350,0,0,0,0,0,5830,0
-12,0,0,0,0,40,0,0,820,0,780,420,0,0,0,0,0,0,0,0,0,190,0,0,0,0,0,0,0,0,0,0,0,0,0,0,0,0,0,0,0,0,0,0,0,0,0,0,0,0,0,4070,3253520,927340,56930,37160,206170,127570,131430,332260,350390,55540,91980,178900,43080,58610,346440,97170,184280,255690,823550,1266330,2019030,0,0,0,0,0,0,0,0,0,0,0,0,0,0,0,0,0,0,0,0,0,0,0,0,89200,892890,917130,374890,114030,220930,790880,1743840,620800,468620,825690,1029050,503320,1570160,325450,368280,0,0,140,0,0,0,0,0,0,0,0,0,0,0,0,0,0,0,0,0,0,0,0,0,0,0,0,0,0,0,1590,0,0,0,0,0,0,700,109140,520500,84110,0,0,2210,570,70,80,0,0,8730,0,1760,49140,59350,17930,4100,0,300,26750,9390,10780,9120,0,0,0,0,0,70,0
-14,0,9730,0,41700,105210,0,0,0,0,0,0,0,0,0,0,0,0,0,0,0,0,0,0,0,0,0,0,0,0,0,0,0,0,0,0,0,0,0,0,0,0,0,0,0,0,0,0,0,0,0,0,5255500,1135770,822350,547410,66330,47500,31830,58020,128620,41110,69040,73940,33070,58480,176270,130130,257940,507900,738200,5295420,21260,0,0,0,0,0,0,0,0,0,0,0,0,0,0,0,0,0,0,0,0,0,0,0,0,415530,1661670,1206830,200650,97050,169800,230430,646890,1482500,426270,3061400,1124020,128830,874340,468310,39600,450920,5690,592710,31820,0,0,0,0,0,0,0,0,0,0,0,0,0,0,0,0,0,0,0,0,0,0,540,0,0,0,0,0,0,0,0,0,0,0,0,0,0,90,130,113850,5030,5640,6910,0,3190,2240,0,0,0,0,0,0,0,0,0,0,0,5170,220,0,0,0,2560,0,0
-16,4960,70,0,1900,77680,1620,0,0,0,0,0,0,0,0,0,1840,2960,2420,200,560,180,0,0,0,0,0,0,0,0,0,0,0,0,0,0,0,0,0,0,0,0,0,0,0,0,0,0,0,0,0,0,18840,388550,278180,904360,540580,555280,112670,83540,44590,143750,716470,368870,119210,145170,1079290,1645900,266670,689930,1085520,1104710,0,0,0,0,0,0,0,0,0,0,0,0,0,0,0,0,4740,0,0,0,0,0,0,0,1890,248090,621950,208830,47150,75890,384190,300420,546730,1968460,506990,1301400,5523200,1116670,1658800,929470,0,19680,408010,1023330,286670,0,0,0,0,0,0,0,0,0,0,0,0,0,0,0,0,0,0,0,0,0,0,0,0,0,0,0,0,0,0,0,0,0,0,0,0,1650,3600,1790,2280,13690,2190,1420,0,820,2990,3230,0,0,0,0,0,0,0,0,0,0,51880,0,0,0,0,0,90,0
-18,10240,0,0,0,0,0,0,0,0,0,0,0,0,1150,27820,174220,330,1350,1250,1180,240,0,0,0,0,0,0,0,0,0,0,0,0,0,0,0,0,0,0,0,0,0,0,0,0,0,0,0,0,0,0,0,0,86870,1188210,1254350,1862890,509820,1295450,55720,55330,77780,226280,140450,422390,2756330,617400,441990,705670,723690,542600,0,0,0,0,0,0,0,0,0,0,0,0,0,0,0,0,520,0,0,0,0,0,0,0,8770,107860,565430,264780,75970,41910,177350,340480,757910,833040,2392040,957920,2090300,1634290,655450,32340,470,165650,567190,1337590,300,0,0,0,0,0,0,0,0,0,0,0,0,0,0,0,0,0,0,0,0,0,0,0,0,0,0,0,0,0,0,0,0,0,0,0,4650,3360,2780,1520,820,1110,950,1240,2080,1550,11050,198930,8350,0,0,0,0,0,0,0,0,0,28050,76070,0,0,0,259320,346060,0
-20,4350,0,15460,7540,0,2000,0,0,50,0,2630,260,0,0,0,0,0,0,20,370,280,530,0,0,0,0,0,0,0,0,0,0,0,0,0,0,0,0,0,0,0,0,0,0,0,0,0,0,0,0,0,0,0,0,197820,143340,415560,765240,293690,46490,50470,135790,108200,75780,316290,1186270,792400,2420350,3847310,1314780,166500,0,0,0,0,0,0,0,0,0,0,0,0,0,0,0,0,0,0,0,0,0,0,0,0,330,22270,64200,117500,121590,61710,60000,90000,394900,1142180,1514390,1917750,1080080,232180,0,0,0,315520,4441760,961590,0,0,0,3770,0,0,35240,0,0,0,0,0,0,0,0,0,0,0,0,0,0,0,0,0,0,0,0,0,0,0,0,0,0,0,120,2990,8730,2900,1150,1120,1080,630,4730,630,14170,2690,1450,16940,175170,150,0,0,0,0,0,0,1020,0,0,31860,240,0,0,38140,152270,0
-22,220,0,73490,0,0,0,0,0,0,0,13210,1400,0,0,0,0,0,0,0,0,490,0,0,0,0,0,0,0,0,0,0,0,0,0,0,0,0,0,0,0,0,0,0,0,0,0,0,0,0,0,0,0,0,0,155040,127510,66070,442510,147860,2020,11720,109430,824270,118300,1482800,2475250,2711040,2102250,2782400,2990090,0,0,0,0,0,18750,0,0,0,0,0,0,0,0,0,0,0,0,0,0,0,0,0,0,0,0,5440,29990,53110,37760,19830,27410,39800,328360,2973870,1151750,765960,266750,0,0,0,77150,297760,2128540,454000,0,0,721210,1122260,0,0,0,0,0,0,0,0,0,0,0,0,0,0,0,0,0,0,0,0,0,0,0,0,0,0,0,40,2090,16320,16070,1190,1080,1080,1120,1230,1380,1100,830,740,13460,2810,2210,2690,31840,119420,40,0,0,0,0,0,340,76060,34730,6360,0,0,0,0,0,0
-24,0,620,0,0,0,0,0,0,0,0,0,0,0,830,2040,1970,990,0,0,0,0,0,1070,0,0,0,0,0,0,0,0,0,0,0,0,0,0,0,0,0,0,0,0,0,0,0,0,0,0,0,0,0,0,0,58860,151560,21430,356350,196570,43340,48090,351620,586020,1028160,2607560,2161300,26217670,3149130,12554750,249770,0,0,0,0,0,0,0,0,0,0,0,0,0,0,0,0,0,0,0,0,0,0,0,0,0,0,0,77850,270460,41890,13520,21270,179190,278900,1237310,1934710,107410,780050,0,0,0,323200,462360,1022840,21330,0,0,0,0,0,0,0,0,0,0,0,0,0,0,0,0,0,0,0,0,0,0,0,0,0,0,0,0,0,0,0,1950,8110,3710,2160,1000,880,900,890,1040,1360,30430,930,890,530,1100,4190,4490,16970,31290,133480,0,0,0,0,0,0,0,100240,0,0,0,0,0,0,0
-26,0,0,0,0,0,0,0,0,0,0,0,0,0,0,0,0,0,0,0,0,0,0,0,0,0,60,0,0,0,0,0,0,0,0,0,0,0,0,0,0,0,0,0,0,0,0,0,0,0,0,0,0,0,0,41630,188170,28620,1111790,95010,96090,284970,3138570,1509930,1399130,1147900,3499680,524280,0,0,0,0,0,0,0,0,0,0,0,0,0,0,0,0,0,0,0,0,0,0,0,0,0,0,0,0,0,0,6720,22650,13300,6360,71660,827740,1243730,4465040,1938050,2635620,530930,0,0,0,23250,583370,417710,0,0,0,0,0,0,0,0,0,0,0,0,0,0,0,0,0,0,0,0,0,0,0,0,0,0,0,0,0,0,0,0,1270,4900,460,1300,560,510,450,430,910,1370,1330,1250,1300,220,290,950,3280,7700,11980,40370,158560,0,0,0,0,0,0,0,0,0,0,0,0,0,0
-28,0,0,0,0,0,0,0,0,0,0,0,0,0,0,0,0,0,490,0,0,0,0,0,0,0,0,0,0,0,0,0,0,0,0,0,0,0,0,0,0,0,0,0,0,0,0,0,0,0,0,0,0,0,0,86710,91090,91610,1761580,114640,409710,1071330,453090,1568220,1630560,1006540,2899570,0,0,0,0,0,0,0,0,0,0,0,0,0,0,0,0,0,0,0,0,0,0,0,0,0,0,0,0,0,0,0,17460,11850,25580,16030,230930,724620,4613360,4165510,2016950,1074510,0,0,0,0,0,0,0,0,0,0,0,0,0,0,0,0,0,0,0,0,0,0,0,0,0,0,0,0,0,0,0,0,0,0,0,0,0,0,0,360,5160,990,1200,1860,430,420,410,430,450,450,450,430,450,470,800,2280,4260,15320,179230,2118070,0,0,0,0,0,0,0,0,0,0,0,0,0,0
-30,0,0,0,0,0,0,0,0,0,0,0,0,0,0,0,0,0,0,0,0,0,0,0,0,0,0,0,0,0,0,0,0,0,0,0,0,0,0,0,0,0,0,0,0,0,0,0,0,0,0,0,0,0,0,264330,30190,207940,407030,136610,110330,453430,351600,571630,1584930,3784610,907010,0,0,0,0,0,0,0,0,0,0,0,0,0,0,0,0,0,0,0,0,0,0,0,0,0,0,0,0,0,0,0,100,58430,18300,146830,94310,392630,1912630,2058040,5906590,285100,0,0,0,0,0,0,0,0,0,0,0,0,0,0,0,0,0,0,0,0,0,0,0,0,0,0,0,0,0,0,0,0,0,0,0,0,0,0,0,7660,33670,3330,990,2150,470,300,300,370,430,440,3780,390,590,480,530,2890,6440,22460,60410,512970,0,0,0,0,0,0,1980,0,0,0,0,0,0,0
-32,0,0,0,0,0,0,0,0,0,0,0,0,0,0,0,0,0,0,0,0,0,0,0,0,0,0,0,0,0,0,0,0,0,0,0,0,0,0,0,0,0,0,0,0,0,0,0,0,0,0,0,0,0,0,401780,550710,93140,1867270,418050,1091030,611790,348400,483700,774870,1825360,0,0,0,0,0,0,0,0,0,0,0,0,0,0,0,0,0,0,0,0,0,0,0,0,0,0,0,0,0,0,0,0,0,7860,71960,13530,37640,132420,880660,2726720,987660,0,0,0,0,0,0,0,0,0,0,0,0,0,0,0,0,0,0,0,0,0,0,0,0,0,0,0,0,0,0,0,0,0,0,0,0,0,0,0,0,0,705370,132120,8960,8350,9150,9180,8170,4090,500,1570,630,3260,1720,22510,1470,4710,10660,43860,131180,223210,0,0,390,0,0,0,0,0,0,0,0,0,0,0
-34,0,0,0,0,0,0,0,0,0,0,0,0,0,0,0,0,0,0,0,0,0,0,0,0,0,0,0,0,0,0,0,0,0,0,0,0,0,0,0,0,0,0,0,0,0,0,0,0,0,0,0,0,0,4010,7664690,1311060,175260,410820,520450,2114130,547240,293120,249060,340360,1320,0,0,0,0,0,0,0,0,0,0,0,0,0,0,0,0,0,0,0,0,0,0,0,0,0,0,0,0,0,0,0,0,0,37990,2218830,85220,280610,1204450,1416670,497560,0,0,0,0,0,0,0,0,0,0,0,0,0,0,0,0,0,0,0,0,0,0,0,0,0,0,0,0,0,0,0,0,0,0,0,0,0,0,0,0,0,0,553280,168430,8440,6100,7950,550,110,0,0,1290,7330,62830,34130,5080,6110,6040,35090,191670,4142470,36240,0,0,0,0,0,0,0,0,0,0,0,0,0,0
-36,0,0,0,0,0,0,0,0,0,0,0,0,0,0,0,0,0,0,0,0,0,0,0,0,0,0,0,0,0,0,0,0,0,0,0,0,0,0,0,0,0,0,0,0,0,0,0,0,0,0,0,0,0,135660,1462590,139300,178850,137250,255150,543690,13442680,2184460,498240,9140,0,0,0,0,0,0,0,0,0,0,0,0,0,0,0,0,0,0,0,0,0,0,0,0,0,0,0,0,0,0,0,0,0,0,0,1266530,79820,165010,53020,0,0,0,0,0,0,0,0,0,0,0,0,0,0,0,0,0,0,0,0,0,0,0,0,0,0,0,0,0,0,0,0,0,0,0,0,0,0,0,0,0,0,0,0,7000,42400,11930,0,10,0,0,0,0,0,17640,20440,1233260,44230,87330,59680,150530,453280,795580,0,0,0,0,0,0,0,0,0,0,55080,76940,0,0,0
-38,0,0,0,0,0,0,0,0,0,0,0,0,0,0,0,0,0,0,0,0,0,0,0,0,0,0,0,0,0,0,0,0,0,0,0,0,0,0,0,0,0,0,0,0,0,0,0,0,0,0,0,0,0,1707490,379840,49440,26380,132460,169530,248150,311600,542120,0,0,0,0,0,0,0,0,0,0,0,0,0,0,0,0,0,0,0,0,0,280,0,0,0,0,0,0,0,0,0,0,0,0,0,0,0,0,0,0,0,0,0,0,0,0,0,0,0,0,0,0,0,0,0,0,0,0,0,0,0,0,0,0,0,0,0,0,0,0,0,0,0,0,0,0,0,0,0,0,0,0,0,0,0,0,0,0,0,0,0,0,0,0,0,0,210,2860,81050,203200,3239280,210830,76460,5420,0,0,0,0,0,0,0,0,0,0,1560,1453470,139750,2680,0
-40,0,0,0,0,0,0,0,0,0,0,0,0,0,0,0,0,0,0,0,0,0,0,0,0,0,0,0,0,0,0,0,0,0,0,0,0,0,0,0,0,0,0,0,0,0,0,0,0,0,0,0,0,0,833320,183780,395960,238830,29230,301540,214950,130290,236480,0,0,0,0,0,0,0,0,0,0,0,0,0,0,0,0,0,0,0,0,0,0,0,0,0,0,0,0,0,0,0,0,0,0,0,0,0,0,0,0,0,0,0,0,0,0,0,0,0,0,0,0,0,0,0,0,0,0,0,0,0,0,0,0,0,0,0,0,0,0,0,0,0,0,0,0,0,0,0,0,0,0,0,0,0,0,0,0,0,0,0,0,0,0,0,0,0,0,16850,83760,746770,122990,130,0,0,0,0,0,0,0,0,0,0,0,7410,230520,270170,28170,0
-42,0,0,0,0,0,0,0,0,0,0,0,0,0,0,0,0,0,0,0,0,0,0,0,0,0,0,0,0,0,0,0,0,0,0,0,0,0,0,0,0,0,0,0,0,0,0,0,0,0,0,0,0,2150,743370,179280,15970,7090,45220,54610,0,0,0,0,0,0,0,0,0,0,0,0,0,0,0,0,0,0,0,0,0,0,0,0,0,0,0,0,0,0,0,0,0,0,0,0,0,0,0,0,0,0,0,0,0,0,0,0,0,0,0,0,0,0,0,0,0,0,0,0,0,0,0,0,0,0,0,0,0,0,0,0,0,0,0,0,0,0,0,0,0,0,0,0,0,0,0,0,0,0,0,0,0,0,0,0,0,0,0,0,0,0,230,47650,179050,6020,0,0,0,0,0,0,0,0,0,0,4700,118820,574740,18370,0,0
-44,0,0,0,0,0,0,0,0,0,0,0,0,0,0,0,0,0,0,0,0,0,0,0,0,0,0,0,0,0,0,0,0,0,0,0,0,0,0,0,0,0,0,0,0,0,0,0,0,0,0,0,0,30960,120010,54090,7550,8300,169850,11210,0,0,0,0,0,0,0,0,0,0,0,0,0,0,0,0,0,0,0,0,0,0,0,0,0,0,0,0,0,0,0,0,0,0,0,0,0,0,0,0,0,0,0,0,0,0,0,0,0,0,0,0,0,0,0,0,0,0,0,0,0,0,0,0,0,0,0,0,0,0,0,0,0,0,0,0,0,0,0,0,0,0,0,0,0,0,0,0,0,0,0,0,0,0,0,0,0,0,0,0,0,0,0,4710,223790,880,0,0,0,0,0,0,0,0,0,920,55090,406560,0,0,0,0
-46,0,0,0,0,0,0,0,0,0,0,0,0,0,0,0,0,0,0,0,0,0,0,0,0,0,0,0,0,0,0,0,0,0,0,0,0,0,0,0,0,0,0,0,0,0,0,0,0,0,0,0,0,4310,38790,32960,54610,104970,480,0,0,0,0,0,0,0,0,0,0,0,0,0,0,0,0,0,0,0,0,0,0,0,0,0,0,0,0,0,0,0,0,0,0,0,0,0,0,0,0,0,0,0,0,0,0,0,0,0,0,0,0,0,0,0,0,0,0,0,0,0,0,0,0,0,0,0,0,0,0,0,0,0,0,0,0,0,0,0,0,0,0,0,0,0,0,0,0,0,0,0,0,0,0,0,0,0,0,0,0,0,0,0,0,0,0,0,0,0,0,0,0,0,0,0,4280,45410,185680,0,0,0,0,0
-48,0,0,0,0,0,0,0,0,0,0,0,0,0,0,0,0,0,0,0,0,0,0,0,0,0,0,0,0,0,0,0,0,0,0,0,0,0,0,0,0,0,0,0,0,0,0,0,0,0,0,0,0,5880,12880,8670,34510,25470,1780,0,0,0,0,0,0,0,0,0,0,0,0,0,0,0,0,0,0,0,0,0,0,0,0,0,0,0,0,0,0,0,0,0,0,0,0,0,0,0,0,0,0,0,0,0,0,0,0,0,0,0,0,0,0,0,0,0,0,0,0,0,0,0,0,0,0,0,0,0,0,0,0,0,0,0,0,0,0,0,0,0,0,0,0,0,0,0,0,0,0,0,0,0,0,0,0,0,0,0,0,0,0,0,0,0,0,0,0,0,0,0,0,0,0,0,3950,89880,3550,0,0,0,0,0
-50,0,0,0,0,0,0,0,0,0,0,0,0,0,0,0,0,0,0,0,0,0,0,0,0,0,0,0,0,0,0,0,0,0,0,0,0,0,0,0,0,0,0,0,0,0,0,0,0,0,0,0,0,22340,6600,5020,14630,8790,60,0,0,0,0,0,0,0,0,0,0,0,0,0,0,0,0,0,0,0,0,0,0,0,0,0,0,0,0,0,0,0,0,0,0,0,0,0,0,0,0,0,0,0,0,0,0,0,0,0,0,0,0,0,0,0,0,0,0,0,0,0,0,0,0,0,0,0,0,0,0,0,0,0,0,0,0,0,0,0,0,0,0,0,0,0,0,0,0,0,0,0,0,0,0,0,0,0,0,0,0,0,0,0,0,0,0,0,0,0,0,0,0,0,0,0,0,0,0,0,0,0,0,0
-52,0,0,0,0,0,0,0,0,0,0,0,0,0,0,0,0,0,0,0,0,0,0,0,0,0,0,0,0,0,0,0,0,0,0,0,0,0,0,0,0,0,0,0,0,0,0,0,0,0,0,0,0,18950,25600,58120,28800,0,0,0,210,1540,110,0,0,0,0,0,0,0,0,0,0,0,0,0,0,0,0,0,0,0,0,0,0,0,0,0,0,0,0,0,0,0,0,0,0,0,0,0,0,0,0,0,0,0,0,0,0,0,0,0,0,0,0,0,0,0,0,0,0,0,0,0,0,0,0,0,0,0,0,0,0,0,0,0,0,0,0,0,0,0,0,0,0,0,0,0,0,0,0,0,0,0,0,0,0,0,0,0,0,0,0,0,0,0,0,0,0,0,0,0,0,0,0,0,0,0,0,0,0,0
-54,0,0,0,0,0,0,0,0,0,0,0,0,0,0,0,0,0,0,0,0,0,0,0,0,0,0,0,0,0,0,0,0,0,0,0,0,0,0,0,0,0,0,0,0,0,0,0,0,0,0,0,0,4540,33790,34660,32700,4400,0,0,70,360,0,0,0,0,0,0,0,0,0,0,0,0,0,0,0,0,0,0,0,0,0,0,0,0,0,0,0,0,0,0,0,0,0,0,0,0,0,0,0,0,0,0,0,0,0,0,0,0,0,0,0,0,0,0,0,0,0,0,0,0,0,0,0,0,0,0,0,0,0,0,0,0,0,0,0,0,0,0,0,0,0,0,0,0,0,0,0,0,0,0,0,0,0,0,0,0,0,0,0,0,0,0,0,0,0,0,0,0,0,0,0,0,0,0,0,0,0,0,0,0
-56,0,0,0,0,0,0,0,0,0,0,0,0,0,0,0,0,0,0,0,0,0,0,0,0,0,0,0,0,0,0,0,0,0,0,0,0,0,0,0,0,0,0,0,0,0,0,0,0,0,0,0,0,0,2440,5390,18660,50630,10260,420,0,0,0,0,0,0,0,0,0,0,0,0,0,0,0,0,0,0,0,0,0,0,0,0,0,0,0,0,0,0,0,0,0,0,0,0,0,0,0,0,0,0,0,0,0,0,0,0,0,0,0,0,0,0,0,0,0,0,0,0,0,0,0,0,0,0,0,0,0,0,0,0,0,0,0,0,0,0,0,0,0,0,0,0,0,0,0,0,0,0,0,0,0,0,0,0,0,0,0,0,0,0,0,0,0,0,0,0,0,0,0,0,0,0,0,0,0,0,0,0,0,0
-58,0,0,0,0,0,0,0,0,0,0,0,0,0,0,0,0,0,0,0,0,0,0,0,0,0,0,0,0,0,0,0,0,0,0,0,0,0,0,0,0,0,0,0,0,0,0,0,0,0,0,0,0,0,0,0,0,0,0,0,0,0,0,0,0,0,0,0,0,0,0,0,0,0,0,0,0,0,0,0,0,0,0,0,0,0,0,0,0,0,0,0,0,0,0,0,0,0,0,0,0,0,0,0,0,0,0,0,0,0,0,0,0,0,0,0,0,0,0,0,0,0,0,0,0,0,0,0,0,0,0,0,0,0,0,0,0,0,0,0,0,0,0,0,0,0,0,0,0,0,0,0,0,0,0,0,0,0,0,0,0,0,0,0,0,0,0,0,0,0,0,0,0,0,0,0,0,0,0,0,0,0
